Model Size,Forward Avg Time,Forward Variance,Backward Avg Time,Backward Variance,Num Parameters
small,0.0430618524551391,0.0015712539898231,0.0894925594329834,0.0009681657538749,128.625408
large,0.1059819221496582,0.00151934241876,0.2119670391082763,0.0014074660139158,969.41184
xl,0.1349437236785888,0.0016940553905442,0.2841991424560547,0.0018090270459651,1998.2352
2.7B,0.11688995361328125,0.0016486345557495952,0.3511724233627319,0.0007379399612545967,3406.8096
