Model Size,Forward Avg Time,Forward Variance,Backward Avg Time,Backward Variance,Num Parameters
small,0.0423770427703857,0.0011396309128031,0.0782529592514038,0.0010123129468411,128.625408
large,0.1078555822372436,0.0017348572146147,0.212457013130188,0.0014996223617345,969.41184
xl,0.1392376184463501,0.0012541022151708,0.3410771131515503,0.0018514270195737,1998.2352
2.7B,0.10968546867370606,0.0013183045666664839,0.3385166645050049,0.0007910390268079937,3406.8096
