Model Size,Forward Avg Time,Forward Variance,Backward Avg Time,Backward Variance,Num Parameters
small,0.0279178857803344,4.334112873038977e-07,0.0695263862609863,0.0012216485338285,128.625408
large,0.1221397876739502,4.564757546177134e-06,0.3119124889373779,0.0006753600318916,969.41184
xl,0.2569830417633056,2.158841425625724e-06,0.648202633857727,0.0008646249771118,1998.2352
2.7B,0.3594550132751465,1.3771298199571902e-06,0.9670165061950684,0.0004670260241255164,3406.8096
