Model Size,Forward Avg Time,Forward Variance,Backward Avg Time,Backward Variance,Num Parameters
small,0.0782866716384887,0.0257901661098003,0.0781967878341674,0.0009865384781733,128.625408
large,0.169133973121643,0.0180088654160499,0.3287158250808716,0.0005717856111004,969.41184
xl,0.3026899576187133,0.0131419207900762,0.6732656717300415,0.0005910102045163,1998.2352
2.7B,0.4083859443664551,0.014372865669429302,0.9952938795089722,0.0004648713511414826,3406.8096
