Model Size,Forward Avg Time,Forward Variance,Backward Avg Time,Backward Variance,Num Parameters
small,0.0282396078109741,9.92959172663177e-08,0.0736907243728637,0.000887002388481,128.625408
large,0.1320950508117676,1.6717821154088597e-06,0.3373156785964966,0.0005733947036787,969.41184
xl,0.2727339506149292,4.508074653131189e-06,0.688338828086853,0.000797250540927,1998.2352
2.7B,0.3755248546600341,2.9689701932511525e-06,1.0129298448562625,0.0008413849282078,3406.8096